name,slug,NBA_3PA,NBA_3P%,NCAA_FT%,NCAA_3P%
Al-Farouq Aminu,aminual01,1597,0.335,0.687,0.238
Ryan Anderson,anderry01,3491,0.38,0.841,0.396
Carmelo Anthony,anthoca01,4151,0.349,0.706,0.337
Trevor Ariza,arizatr01,4362,0.352,0.504,0.237
DJ Augustin,augusdj01,2930,0.379,0.808,0.402
Lonzo Ball,balllo01,918,0.341,0.673,0.412
Harrison Barnes,barneha02,2028,0.375,0.734,0.349
Will Barton,bartowi01,1649,0.347,0.733,0.299
Kent Bazemore,bazemke01,1683,0.351,0.581,0.334
Bradley Beal,bealbr01,3268,0.38,0.769,0.339
Malik Beasley,beaslma01,791,0.388,0.813,0.387
Patrick Beverley,beverpa01,1820,0.381,0.73,0.382
Eric Bledsoe,bledser01,2027,0.336,0.667,0.383
Devin Booker,bookede01,1890,0.354,0.658,0.275
Avery Bradley,bradlav01,2042,0.364,0.545,0.375
Corey Brewer,breweco01,1774,0.284,0.708,0.356
Malcolm Brogdon,brogdma01,828,0.385,0.876,0.365
Jaylen Brown,brownja02,1055,0.371,0.654,0.294
Reggie Bullock,bullore01,1030,0.385,0.522,0.1
Trey Burke,burketr01,1391,0.345,0.777,0.367
Alec Burks,burksal01,1114,0.364,0.804,0.313
Jimmy Butler,butleji01,1514,0.333,0.773,0.383
Kentavious Caldwell-Pope,caldwke01,2524,0.349,0.752,0.339
DeMarre Carroll,carrode01,1839,0.358,0.603,0.281
Vince Carter,cartevi01,6168,0.371,0.705,0.368
Wilson Chandler,chandwi01,2560,0.341,0.659,0.303
Jordan Clarkson,clarkjo01,1973,0.342,0.805,0.322
Mike Conley,conlemi01,3150,0.375,0.694,0.304
Robert Covington,covinro01,2606,0.356,0.802,0.422
Allen Crabbe,crabbal01,1596,0.387,0.819,0.382
Jamal Crawford,crawfja01,6379,0.348,0.784,0.327
Jae Crowder,crowdja01,2565,0.34,0.683,0.35
Seth Curry,curryse01,1007,0.443,0.827,0.394
Stephen Curry,curryst01,5739,0.435,0.876,0.412
Troy Daniels,danietr01,1404,0.395,0.782,0.386
Anthony Davis,davisan02,794,0.319,0.728,0.311
Matthew Dellavedova,dellama01,1075,0.368,0.86,0.378
DeMar DeRozan,derozde01,1208,0.282,0.646,0.167
Spencer Dinwiddie,dinwisp01,1379,0.318,0.83,0.386
Jared Dudley,dudleja01,2241,0.393,0.731,0.365
Wayne Ellington,ellinwa01,2689,0.378,0.809,0.397
James Ennis,ennisja01,768,0.35,0.788,0.354
Dorian Finney-Smith,finnedo01,815,0.33,0.657,0.362
Bryn Forbes,forbebr01,1075,0.4,0.821,0.435
Langston Galloway,gallola01,1637,0.367,0.821,0.426
Rudy Gay,gayru01,2818,0.347,0.721,0.378
Paul George,georgpa01,4172,0.381,0.803,0.396
Aaron Gordon,gordoaa01,1383,0.319,0.422,0.356
Eric Gordon,gordoer01,4201,0.37,0.834,0.337
Jerami Grant,grantje01,1073,0.347,0.641,0.3
Danny Green,greenda02,3205,0.4,0.845,0.375
Draymond Green,greendr01,1632,0.319,0.687,0.361
Jeff Green,greenje02,2795,0.334,0.7,0.359
Blake Griffin,griffbl01,1223,0.333,0.589,0.3
Tim Hardaway Jr,hardati02,2671,0.353,0.724,0.343
James Harden,hardeja01,6394,0.363,0.755,0.376
Maurice Harkless,harklma01,997,0.325,0.676,0.215
Gary Harris,harriga01,1501,0.36,0.788,0.376
Joe Harris,harrijo01,1459,0.426,0.0,0.375
Tobias Harris,harrito02,2244,0.365,0.753,0.303
Josh Hart,hartjo01,825,0.353,0.72,0.389
Gordon Hayward,haywago01,2327,0.366,0.824,0.369
Buddy Hield,hieldbu01,2126,0.411,0.836,0.39
George Hill,hillge01,2499,0.384,0.785,0.404
Solomon Hill,hillso01,868,0.336,0.745,0.375
Jrue Holiday,holidjr01,2616,0.354,0.726,0.307
Justin Holiday,holidju01,1748,0.36,0.736,0.343
Rodney Hood,hoodro01,1566,0.372,0.773,0.396
Al Horford,horfoal01,1275,0.364,0.619,0.0
Andre Iguodala,iguodan01,3013,0.333,0.738,0.274
Brandon Ingram,ingrabr01,770,0.36,0.682,0.41
Kyrie Irving,irvinky01,2870,0.39,0.901,0.462
Reggie Jackson,jacksre01,1955,0.337,0.753,0.351
James Johnson,johnsja01,1046,0.31,0.792,0.37
Stanley Johnson,johnsst04,832,0.293,0.742,0.371
Tyler Johnson,johnsty01,1072,0.359,,1.0
Cory Joseph,josepco01,883,0.332,0.699,0.413
Frank Kaminsky,kaminfr01,1093,0.347,0.763,0.369
Brandon Knight,knighbr03,2012,0.353,0.795,0.377
Kyle Korver,korveky01,5715,0.429,0.891,0.453
Kyle Kuzma,kuzmaky01,1128,0.331,0.633,0.302
Jeremy Lamb,lambje01,1457,0.339,0.806,0.348
Zach LaVine,lavinza01,1721,0.375,0.691,0.375
Courtney Lee,leeco01,2259,0.388,0.817,0.401
Kawhi Leonard,leonaka01,1997,0.383,0.744,0.25
Meyers Leonard,leoname01,831,0.39,0.729,0.083
Caris LeVert,leverca01,803,0.339,0.77,0.401
Damian Lillard,lillada01,4764,0.373,0.867,0.39
Brook Lopez,lopezbr01,1580,0.341,0.764,0.143
Kevin Love,loveke01,3302,0.37,0.767,0.354
Kyle Lowry,lowryky01,4636,0.366,0.737,0.325
Trey Lyles,lylestr01,918,0.341,0.735,0.138
Lauri Markkanen,markkla01,1050,0.356,0.835,0.423
Wesley Matthews,matthwe02,4367,0.381,0.799,0.341
CJ McCollum,mccolcj01,2563,0.397,0.825,0.377
Doug McDermott,mcderdo01,1224,0.412,0.831,0.458
Ben McLemore,mclembe01,1695,0.366,0.87,0.42
Khris Middleton,middlkh01,2303,0.392,0.768,0.321
Paul Millsap,millspa01,1410,0.343,0.62,0.375
Donovan Mitchell,mitchdo01,1542,0.355,0.788,0.329
Malik Monk,monkma01,777,0.322,0.822,0.397
Marcus Morris,morrima03,2449,0.367,0.66,0.358
Markieff Morris,morrima02,1534,0.345,0.653,0.404
Jamal Murray,murraja01,1518,0.358,0.783,0.408
Shabazz Napier,napiesh01,1000,0.345,0.813,0.375
Victor Oladipo,oladivi01,1862,0.35,0.716,0.338
Kelly Olynyk,olynyke01,1524,0.373,0.709,0.333
Chandler Parsons,parsoch01,1844,0.373,0.611,0.337
Patrick Patterson,pattepa01,1597,0.369,0.734,0.329
Chris Paul,paulch01,3730,0.37,0.838,0.47
Otto Porter,porteot01,1364,0.404,0.751,0.355
Norman Powell,powelno01,891,0.361,0.746,0.314
Taurean Prince,princta02,1305,0.366,0.718,0.376
JJ Redick,redicjj01,4526,0.416,0.912,0.406
Josh Richardson,richajo01,1387,0.363,0.56,0.0
Austin Rivers,riverau01,1757,0.348,0.658,0.365
Rajon Rondo,rondora01,1207,0.316,0.577,0.283
Derrick Rose,rosede01,1541,0.304,0.712,0.337
Terrence Ross,rosste01,2887,0.37,0.764,0.364
Terry Rozier,roziete01,1368,0.371,0.772,0.331
Mike Scott,scottmi01,1210,0.364,0.677,0.286
Iman Shumpert,shumpim01,1447,0.338,0.738,0.305
Marcus Smart,smartma01,1835,0.318,0.751,0.295
Tony Snell,snellto01,1611,0.385,0.821,0.38
Jayson Tatum,tatumja01,1022,0.401,0.849,0.342
Jeff Teague,teaguje01,1886,0.356,0.812,0.421
Garrett Temple,templga01,1626,0.347,0.783,0.278
Isaiah Thomas,thomais02,2781,0.364,0.713,0.325
Anthony Tolliver,tollian01,2306,0.373,0.671,0.333
Karl-Anthony Towns,townska01,1280,0.396,0.813,0.25
PJ Tucker,tuckepj01,1911,0.361,0.711,0.5
Evan Turner,turneev01,917,0.294,0.758,0.362
Dion Waiters,waitedi01,1660,0.346,0.753,0.348
Kemba Walker,walkeke02,4062,0.36,0.783,0.326
Russell Westbrook,westbru01,3208,0.305,0.685,0.354
Andrew Wiggins,wiggian01,1625,0.332,0.775,0.341
Lou Williams,willilo02,3871,0.349,0.643,0.0
Marvin Williams,willima02,2894,0.361,0.847,0.432
Thaddeus Young,youngth01,1459,0.333,0.743,0.419
Trae Young,youngtr01,1050,0.344,0.861,0.36
Jerryd Bayless,bayleje01,1382,0.361,0.839,0.407
Michael Beasley,beaslmi01,835,0.349,0.774,0.379
Isaiah Canaan,canaais01,1042,0.351,0.803,0.419
Darren Collison,collida01,1610,0.394,0.851,0.435
DeMarcus Cousins,couside01,1031,0.332,0.604,0.167
Luol Deng,denglu01,1982,0.332,0.71,0.36
Kevin Durant,duranke01,4122,0.381,0.816,0.404
Tyreke Evans,evansty01,1548,0.323,0.711,0.274
Raymond Felton,feltora01,2813,0.329,0.731,0.375
Channing Frye,fryech01,2706,0.388,0.759,0.261
Devin Harris,harride01,2558,0.325,0.778,0.375
Wesley Johnson,johnswe01,1823,0.337,0.508,
Jeremy Lin,linje01,1313,0.342,0.733,0.333
Shelvin Mack,macksh01,916,0.33,0.755,0.357
Jodie Meeks,meeksjo01,2078,0.373,0.89,0.386
Darius Miller,milleda01,856,0.382,0.815,0.379
Tony Parker,parketo01,1603,0.324,0.516,
Nik Stauskas,stausni01,1121,0.353,0.832,0.441
Lance Stephenson,stephla01,1099,0.315,0.664,0.219
Klay Thompson,thompkl01,4291,0.419,0.827,0.39
Dwyane Wade,wadedw01,1874,0.293,0.745,0.333
John Wall,walljo01,1663,0.324,0.754,0.325
Nick Young,youngni01,2764,0.376,0.764,0.368
Arron Afflalo,afflaar01,2205,0.386,0.781,0.373
Luke Babbitt,babbilu01,979,0.402,0.893,0.421
Aaron Brooks,brookaa01,2218,0.37,0.834,0.374
Mario Chalmers,chalmma01,2153,0.351,0.767,0.419
Jordan Crawford,crawfjo02,1041,0.317,0.765,0.384
Jarrett Jack,jackja01,1809,0.343,0.796,0.359
Richard Jefferson,jefferi01,2769,0.376,0.718,0.368
Brandon Jennings,jennibr01,2648,0.345,0.771,0.333
Joe Johnson,johnsjo02,5331,0.371,0.753,0.406
Jameer Nelson,nelsoja01,3134,0.368,0.786,0.365
Kyle Singler,singlky01,826,0.362,0.773,0.363
Josh Smith,smithjo03,1578,0.285,0.5,
Jason Terry,terryja01,6010,0.38,0.784,0.374
Derrick Williams,willide02,838,0.3,0.813,0.431
Alan Anderson,anderal01,963,0.344,0.831,0.366
Matt Barnes,barnema02,2931,0.335,0.566,0.314
Toney Douglas,douglto01,1256,0.354,0.802,0.376
Mike Dunleavy,dunlemi02,3460,0.377,0.798,
Jordan Farmar,farmajo01,1559,0.374,0.76,0.333
Randy Foye,foyera01,3017,0.366,0.781,0.329
Spencer Hawes,hawessp01,1026,0.35,0.755,0.333
Gerald Henderson,hendege02,762,0.327,0.627,
James Jones,jonesja02,1937,0.401,0.831,0.383
Ty Lawson,lawsoty01,1319,0.359,0.78,0.403
Mike Miller,millemi01,3910,0.407,0.718,0.345
Anthony Morrow,morroan01,1937,0.417,0.867,0.421
Gary Neal,nealga01,1203,0.382,0.827,0.359
Steve Novak,novakst01,1337,0.43,0.931,0.461
Paul Pierce,piercpa01,5816,0.368,0.697,0.355
Ronnie Price,pricero01,808,0.302,0.788,0.345
Brandon Rush,rushbr01,1300,0.402,0.733,0.435
Rodney Stuckey,stuckro01,921,0.3,0.806,0.317
Hollis Thompson,thompho01,941,0.386,0.676,0.44
Marcus Thornton,thornma01,2051,0.358,0.771,0.382
CJ Watson,watsocj01,1263,0.373,0.777,0.396
Deron Williams,willide01,3296,0.357,0.685,0.374
Steve Blake,blakest01,2709,0.383,0.771,0.381
Matt Bonner,bonnema01,1923,0.414,0.74,0.395
Chris Bosh,boshch01,910,0.335,0.73,0.478
Chase Budinger,budinch01,1172,0.352,0.782,0.383
Caron Butler,butleca01,2144,0.348,0.768,0.364
Rasual Butler,butlera01,2520,0.362,0.829,0.359
Kirk Hinrich,hinriki01,3122,0.375,0.776,0.43
Kevin Martin,martike02,2969,0.384,0.841,0.346
OJ Mayo,mayooj01,2287,0.373,0.803,0.409
Andre Miller,millean02,888,0.217,0.676,0.294
Tayshaun Prince,princta01,1550,0.367,0.743,0.329
Nate Robinson,robinna01,2255,0.36,0.793,0.348
Charlie Villanueva,villach01,2101,0.341,0.681,0.393
Mo Williams,willima01,2891,0.378,0.847,0.294
Shannon Brown,brownsh01,831,0.332,0.831,0.364
Ben Gordon,gordobe01,2921,0.401,0.795,0.423
Danny Granger,grangda01,2644,0.38,0.753,0.366
Willie Green,greenwi01,1494,0.346,0.757,0.352
Shawn Marion,mariosh01,2390,0.331,0.73,0.299
Jannero Pargo,pargoja01,1124,0.356,0.82,0.425
Jason Richardson,richaja01,4344,0.37,0.649,0.383
Luke Ridnour,ridnolu01,1674,0.349,0.859,0.389
John Salmons,salmojo01,1986,0.366,0.805,0.321
Gerald Wallace,wallage01,1303,0.312,0.568,0.175
Shawne Williams,willish03,812,0.339,0.786,0.312
